case_id,arrival_severity,first_bed_type,first_bed_hours,second_bed_type,second_bed_hours,third_bed_type,third_bed_hours,fourth_bed_type,fourth_bed_hours,fifth_bed_type,fifth_bed_hours,sixth_bed_type,sixth_bed_hours,seventh_bed_type,seventh_bed_hours,eighth_bed_type,eighth_bed_hours,ninth_bed_type,ninth_bed_hours,tenth_bed_type,tenth_bed_hours,first_bed_PRIMARY,first_bed_SECONDARY,first_bed_TERTIARY,second_bed_PRIMARY,second_bed_SECONDARY,second_bed_TERTIARY,third_bed_PRIMARY,third_bed_SECONDARY,third_bed_TERTIARY
1,moderate,Med/Surg,48,,1008.0,,,,,,,,,,,,,,,,,Orthopedic Surgery,Trauma Surgery,,,,,,,
2,serious,ICU/Critical Care,24,Med/Surg,48.0,,720.0,,,,,,,,,,,,,,,Trauma Surgery,Vascular Surgery,Orthopedic Surgery,Orthopedic Surgery,Trauma Surgery,,,,
4,Moderate,Med/Surg,24,,168.0,,,,,,,,,,,,,,,,,Internal Medicine (Hospitalist),Pulmonary,,,,,,,
5,Serious,Med/Surg,240,Acute Rehabilitation Unit (ARU),336.0,,672.0,,,,,,,,,,,,,,,Orthopedic Surgery,,,Intensive Daily PT,Orthopedics Rehab,Wound Services,,,
6,Moderate,Med/Surg,48,,,,,,,,,,,,,,,,,,,Trauma Ophthalmology,,,,,,,,
7,mild,Med/Surg,120,,720.0,,,,,,,,,,,,,,,,,Orthopedic Surgery,Plastic Reconstructive  ,Vascular Surgery,,,,,,
8,moderate,Med/Surg,24,,720.0,,,,,,,,,,,,,,,,,Neurosurgery – Spinal and Brain,,,,,,,,
9,moderate,Burn,120,,336.0,,,,,,,,,,,,,,,,,Trauma Surgery,,,,,,,,
10,serious,Med/Surg,72,,336.0,,,,,,,,,,,,,,,,,Urology,Plastic Reconstructive  ,Trauma Surgery,,,,,,
26,Critical,Burn ICU,72,Burn,480.0,Acute Rehabilitation Unit (ARU),384.0,,,,,,,,,,,,,,,Plastic Reconstructive  ,Trauma Surgery,ENT,Plastic Reconstructive  ,Trauma Surgery,,,,
27,Critical,ICU/Critical Care,48,Med/Surg,144.0,,,,,,,,,,,,,,,,,Trauma Surgery,Vascular Surgery,,Trauma Surgery,,,,,
28,Critical,ICU/Critical Care,168,Med/Surg,672.0,ICU/Critical Care,96.0,,,,,,,,,,,,,,,Trauma Surgery,Cardiothoracic Surgery,,Trauma Surgery,Infectious disease,,Trauma Surgery,Cardiothoracic Surgery,
29,Moderate,Med/Surg,72,,,,,,,,,,,,,,,,,,,Trauma Surgery,Trauma Ophthalmology,,,,,,,
30,Critical,ICU/Critical Care,240,Med/Surg,430.0,,720.0,,,,,,,,,,,,,,,Trauma Surgery,Neurosurgery – Spinal and Brain,ENT,Trauma Surgery,Neurosurgery – Spinal and Brain,ENT,,,
31,Moderate,Med/Surg,24,,,,,,,,,,,,,,,,,,,Trauma Surgery,ENT,,,,,,,
32,Serious,ICU/Critical Care,1272,Med/Surg,96.0,,720.0,,,,,,,,,,,,,,,Trauma Surgery,Neurosurgery – Spinal and Brain,Plastic Reconstructive  ,Trauma Surgery,,,,,
33,Serious,ICU/Critical Care,48,Med/Surg,96.0,,,,,,,,,,,,,,,,,Trauma Surgery,Neurosurgery – Spinal and Brain,ENT,Trauma Surgery,ENT,,,,
34,Serious,Med/Surg,48,,,,,,,,,,,,,,,,,,,Trauma Surgery,Neurosurgery – Spinal and Brain,,,,,,,
35,Critical,ICU/Critical Care,840,Med/Surg,336.0,,720.0,,,,,,,,,,,,,,,Trauma Surgery,Neurosurgery – Spinal and Brain,ENT,Trauma Surgery,ENT,,,,
36,Minor,Med/Surg,24,,,,,,,,,,,,,,,,,,,Orthopedic Surgery,,,,,,,,
37,Serious,Burn ICU,24,Burn,144.0,,672.0,,,,,,,,,,,,,,,Trauma Surgery,Plastic Reconstructive  ,,,,,,,
38,Serious,ICU/Critical Care,48,Med/Surg,144.0,Acute Rehabilitation Unit (ARU),384.0,,,,,,,,,,,,,,,Trauma Surgery,Cardiothoracic Surgery,,Trauma Surgery,Cardiothoracic Surgery,,,,
39,Minor,Med/Surg,24,,,,,,,,,,,,,,,,,,,Orthopedic Surgery,,,,,,,,
40,Moderate,Med/Surg,72,Med/Surg,480.0,Acute Rehabilitation Unit (ARU),384.0,,,,,,,,,,,,,,,Trauma Surgery,Vascular Surgery,,Trauma Surgery,Infectious disease,,,,
41,Critical,Burn ICU,1080,Burn,2448.0,,720.0,,,,,,,,,,,,,,,Trauma Surgery,Neurosurgery – Spinal and Brain,Plastic Reconstructive  ,Trauma Surgery,Plastic Reconstructive  ,,,,
42,Minor,Med/Surg,48,,,,,,,,,,,,,,,,,,,Orthopedic Surgery,,,,,,,,
43,Minor,Med/Surg,120,Acute Rehabilitation Unit (ARU),384.0,,,,,,,,,,,,,,,,,Trauma Surgery,Cardiothoracic Surgery,Orthopedic Surgery,,,,,,
44,Minor,Med/Surg,240,Acute Rehabilitation Unit (ARU),384.0,,,,,,,,,,,,,,,,,Trauma Surgery,Orthopedic Surgery,Urology,,,,,,
45,Serous,Med/Surg,360,Acute Rehabilitation Unit (ARU),384.0,,,,,,,,,,,,,,,,,Trauma Surgery,Cardiothoracic Surgery,Neurosurgery – Spinal and Brain,,,,,,
46,Moderate,Med/Surg,24,Acute Rehabilitation Unit (ARU),384.0,,,,,,,,,,,,,,,,,Trauma Surgery,Cardiothoracic Surgery,Neurosurgery – Spinal and Brain,,,,,,
47,Critical,ICU/Critical Care,192,Med/Surg,144.0,,672.0,,,,,,,,,,,,,,,Trauma Surgery,Neurosurgery – Spinal and Brain,,Trauma Surgery,,,,,
48,Moderate,Med/Surg,144,,,,,,,,,,,,,,,,,,,Trauma Surgery,Cardiothoracic Surgery,Neurosurgery – Spinal and Brain,,,,,,
049,moderate,Med/Surg,168,,,,,,,,,,,,,,,,,,,Plastic Reconstructive  ,OMFS,,,,,,,
50,moderate,Med/Surg,96,,504.0,,,,,,,,,,,,,,,,,Trauma Surgery,Neurosurgery – Spinal and Brain,,,,,,,
51,Moderate,ICU/Critical Care,144,Med/Surg,96.0,Acute Rehabilitation Unit (ARU),168.0,,,,,,,,,,,,,,,Trauma Surgery,Orthopedic Surgery,Wound Services,General Surgery,Orthopedic Surgery,,,,
52,moderate,Med/Surg,72,,720.0,,,,,,,,,,,,,,,,,Trauma Surgery,Orthopedic Surgery,,,,,,,
53,serious,ICU/Critical Care,96,Med/Surg,168.0,,1008.0,,,,,,,,,,,,,,,Trauma Surgery,interventional radiology,Orthopedic Surgery,Orthopedic Surgery,,,,,
54,Moderate,Med/Surg,72,,,,,,,,,,,,,,,,,,,Trauma Surgery,ENT,,,,,,,
55,Serious,Med/Surg,120,,,,,,,,,,,,,,,,,,,Trauma Surgery,Cardiothoracic Surgery,,,,,,,
56,Serious,ICU/Critical Care,168,Med/Surg,120.0,,672.0,,,,,,,,,,,,,,,Trauma Surgery,Orthopedic Surgery,Internal Medicine (Hospitalist),Trauma Surgery,Orthopedic Surgery,,,,
57,Serious,Burn ICU,72,Burn,24.0,Med/Surg,168.0,Acute Rehabilitation Unit (ARU),384.0,,,,,,,,,,,,,Trauma Surgery,Cardiothoracic Surgery,Orthopedic Surgery,Trauma Surgery,Cardiothoracic Surgery,Orthopedic Surgery,Trauma Surgery,Cardiothoracic Surgery,Orthopedic Surgery
58,moderate,Med/Surg,96,,4320.0,,,,,,,,,,,,,,,,,Orthopedic Surgery,,,,,,,,
59,Moderate,Med/Surg,48,,,,,,,,,,,,,,,,,,,Trauma Surgery,,,,,,,,
60,Moderate,Med/Surg,144,,,,,,,,,,,,,,,,,,,Trauma Surgery,Cardiothoracic Surgery,Orthopedic Surgery,,,,,,
61,serious,ICU/Critical Care,120,Med/Surg,72.0,,672.0,,,,,,,,,,,,,,,Trauma Surgery,,,Trauma Surgery,,,,,
62,severe,Med/Surg,48,,120.0,,,,,,,,,,,,,,,,,Trauma Surgery,,,,,,,,
63,Minor,Med/Surg,24,,,,,,,,,,,,,,,,,,,Orthopedic Surgery,,,,,,,,
64,severe,Med/Surg,72,,672.0,,,,,,,,,,,,,,,,,Trauma Surgery,Orthopedic Surgery,,,,,,,
65,severe,Med/Surg,144,,168.0,,,,,,,,,,,,,,,,,Trauma Surgery,Vascular Surgery,Orthopedic Surgery,,,,,,
67,Serious,Burn ICU,192,Burn,1488.0,,672.0,,,,,,,,,,,,,,,Trauma Surgery,Neurosurgery – Spinal and Brain,Plastic Reconstructive  ,Trauma Surgery,Neurosurgery – Spinal and Brain,Plastic Reconstructive  ,,,
68,Minor,Med/Surg,24,,,,,,,,,,,,,,,,,,,Orthopedic Surgery,,,,,,,,
69,Moderate,Med/Surg,48,,,,,,,,,,,,,,,,,,,Trauma Surgery,Orthopedic Surgery,OMFS,,,,,,
70,Serious,ICU/Critical Care,72,Med/Surg,72.0,,384.0,,,,,,,,,,,,,,,Trauma Surgery,Neurosurgery – Spinal and Brain,Cardiothoracic Surgery,Trauma Surgery,Cardiothoracic Surgery,,,,
71,Minor,Med/Surg,48,,,,,,,,,,,,,,,,,,,Orthopedic Surgery,,,,,,,,
72,Serious,ICU/Critical Care,48,Med/Surg,192.0,,,,,,,,,,,,,,,,,Trauma Surgery,Orthopedic Surgery,,Trauma Surgery,Orthopedic Surgery,,,,
73,Serious,ICU/Critical Care,48,Med/Surg,48.0,Acute Rehabilitation Unit (ARU),384.0,,,,,,,,,,,,,,,Trauma Surgery,Neurosurgery – Spinal and Brain,,Trauma Surgery,,,,,
74,Moderate,Med/Surg,144,Acute Rehabilitation Unit (ARU),120.0,,,,,,,,,,,,,,,,,Trauma Surgery,Plastic Reconstructive  ,,,,,,,
75,Moderate,Med/Surg,24,,,,,,,,,,,,,,,,,,,Orthopedic Surgery,,,,,,,,
76,Moderate,Med/Surg,0,,,,,,,,,,,,,,,,,,,Plastic Reconstructive  ,OMFS,,,,,,,
77,Severe,ICU/Critical Care,288,Med/Surg,216.0,,720.0,,,,,,,,,,,,,,,Trauma Surgery,Neurosurgery – Spinal and Brain,Orthopedic Surgery,Trauma Surgery,Neurosurgery – Spinal and Brain,Orthopedic Surgery,,,
78,Severe,ICU/Critical Care,120,Med/Surg,72.0,Acute Rehabilitation Unit (ARU),336.0,,,,,,,,,,,,,,,Trauma Surgery,Vascular Surgery,,Trauma Surgery,Wound Services,,Intensive Daily OT,Intensive Daily PT,Prosthetics
79,serious,Med/Surg,72,,504.0,,,,,,,,,,,,,,,,,Trauma Surgery,Orthopedic Surgery,,,,,,,
80,critical,ICU/Critical Care,120,Med/Surg,120.0,,3600.0,,,,,,,,,,,,,,,Neurosurgery – Spinal and Brain,,,Neurosurgery – Spinal and Brain,Neuro Rehab,,,,
81,moderate,Med/Surg,144,,672.0,,,,,,,,,,,,,,,,,Orthopedic Surgery,Vascular Surgery,,,,,,,
82,moderate,Med/Surg,96,,504.0,,,,,,,,,,,,,,,,,Plastic Reconstructive  ,,,,,,,,
83,moderate,Med/Surg,72,,336.0,,,,,,,,,,,,,,,,,Plastic Reconstructive  ,,,,,,,,
84,moderate,Med/Surg,96,,336.0,,,,,,,,,,,,,,,,,Orthopedic Surgery,,,,,,,,
85,critical,ICU/Critical Care,72,Med/Surg,168.0,,168.0,,,,,,,,,,,,,,,Neurosurgery – Spinal and Brain,Neurology,,Neuro Rehab,Neurosurgery – Spinal and Brain,,,,
86,moderate,Med/Surg,72,,504.0,,,,,,,,,,,,,,,,,Orthopedic Surgery,,,,,,,,
87,serious,Med/Surg,96,,,,,,,,,,,,,,,,,,,Trauma Surgery,,,,,,,,
88,moderate,Med/Surg,120,,1692.0,,,,,,,,,,,,,,,,,Orthopedic Surgery,,,,,,,,
89,Moderate,Med/Surg,216,,,,,,,,,,,,,,,,,,,Trauma Surgery,Orthopedic Surgery,,,,,,,
90,Moderate,Med/Surg,168,,,,,,,,,,,,,,,,,,,Plastic Reconstructive  ,Trauma Ophthalmology,Wound Services,,,,,,
91,Moderate,Med/Surg,72,,,,,,,,,,,,,,,,,,,Orthopedic Surgery,,,,,,,,
92,Serious,Med/Surg,0,,,,,,,,,,,,,,,,,,,Trauma Ophthalmology,,,,,,,,
93,Serious,Med/Surg,72,,,,,,,,,,,,,,,,,,,Trauma Surgery,,,,,,,,
94,Severe,ICU/Critical Care,144,Med/Surg,72.0,,,,,,,,,,,,,,,,,Trauma Surgery,,,Trauma Surgery,,,,,
95,Serious,Med/Surg,96,,120.0,,,,,,,,,,,,,,,,,Trauma Surgery,Neurosurgery – Spinal and Brain,Orthopedic Surgery,,,,,,
96,Serious,Med/Surg,120,,120.0,,,,,,,,,,,,,,,,,Orthopedic Surgery,,,,,,,,
97,Serious,Med/Surg,48,,,,,,,,,,,,,,,,,,,Trauma Surgery,,,,,,,,
98,Severe,ICU/Critical Care,120,Med/Surg,96.0,,,,,,,,,,,,,,,,,Trauma Surgery,,,,,,,,
99,Moderate,Burn,144,,,,,,,,,,,,,,,,,,,Trauma Surgery,Orthopedic Surgery,,,,,,,
100,Serious,Med/Surg,192,Acute Rehabilitation Unit (ARU),240.0,,,,,,,,,,,,,,,,,Trauma Surgery,Orthopedic Surgery,Urology,Orthopedics Rehab,Intensive Daily OT,Intensive Daily PT,,,
101,severe,Med/Surg,312,,672.0,,,,,,,,,,,,,,,,,Neurosurgery – Spinal and Brain,Orthopedic Surgery,Neurology,,,,,,
102,serious,ICU/Critical Care,144,Med/Surg,200.0,,336.0,,,,,,,,,,,,,,,Trauma Surgery,Internal Medicine (Hospitalist),,Intensive Daily PT,Intensive Daily OT,Psychiatry,,,
103,moderate,Med/Surg,72,,504.0,,,,,,,,,,,,,,,,,Orthopedic Surgery,,,,,,,,
104,moderate,Med/Surg,72,,1344.0,,,,,,,,,,,,,,,,,Neurosurgery – Spinal and Brain,,,,,,,,
105,moderate,Med/Surg,120,,672.0,,,,,,,,,,,,,,,,,Orthopedic Surgery,,,,,,,,
106,Minor,Med/Surg,48,,,,,,,,,,,,,,,,,,,Trauma Surgery,OMFS,,,,,,,
107,Minor,Med/Surg,48,,,,,,,,,,,,,,,,,,,Orthopedic Surgery,,,,,,,,
108,Minor,Med/Surg,24,,,,,,,,,,,,,,,,,,,Orthopedic Surgery,,,,,,,,
109,Moderate,Med/Surg,24,Acute Rehabilitation Unit (ARU),384.0,,,,,,,,,,,,,,,,,Orthopedic Surgery,,,,,,,,
110,Minor,Med/Surg,72,,,,,,,,,,,,,,,,,,,Orthopedic Surgery,,,,,,,,
111,Serious,ICU/Critical Care,72,Med/Surg,72.0,,720.0,,,,,,,,,,,,,,,Neurosurgery – Spinal and Brain,Trauma Surgery,Orthopedic Surgery,Trauma Surgery,,,,,
112,Minor,Med/Surg,48,,,,,,,,,,,,,,,,,,,Orthopedic Surgery,,,,,,,,
113,Minor,Med/Surg,24,,,,,,,,,,,,,,,,,,,Trauma Surgery,OMFS,,,,,,,
114,Moderate,Med/Surg,120,,,,,,,,,,,,,,,,,,,Trauma Surgery,,,,,,,,
115,Serious,ICU/Critical Care,96,Med/Surg,72.0,Acute Rehabilitation Unit (ARU),384.0,,,,,,,,,,,,,,,Trauma Surgery,,,Trauma Surgery,,,Intensive Daily OT,Intensive Daily PT,Wound Services
116,Minor,Med/Surg,24,,,,,,,,,,,,,,,,,,,Orthopedic Surgery,,,,,,,,
117,Moderate,Med/Surg,192,Acute Rehabilitation Unit (ARU),384.0,,,,,,,,,,,,,,,,,Neurosurgery – Spinal and Brain,Trauma Surgery,,Intensive Daily PT,,,,,
118,Minor,Med/Surg,24,,,,,,,,,,,,,,,,,,,Trauma Surgery,OMFS,,,,,,,
119,Moderate,Med/Surg,144,,,,,,,,,,,,,,,,,,,Trauma Surgery,Neurosurgery – Spinal and Brain,,,,,,,
120,Minor,Med/Surg,48,,,,,,,,,,,,,,,,,,,Trauma Surgery,Orthopedic Surgery,Trauma Ophthalmology,,,,,,
121,Moderate,Med/Surg,72,Acute Rehabilitation Unit (ARU),384.0,,,,,,,,,,,,,,,,,Trauma Surgery,Cardiothoracic Surgery,Neurosurgery – Spinal and Brain,,,,,,
122,Serious,ICU/Critical Care,48,Med/Surg,24.0,,,,,,,,,,,,,,,,,Trauma Surgery,Cardiothoracic Surgery,,Trauma Surgery,Cardiothoracic Surgery,,,,
123,Minor,Med/Surg,24,,,,,,,,,,,,,,,,,,,Trauma Surgery,,,,,,,,
124,Moderate,Med/Surg,120,,,,,,,,,,,,,,,,,,,Trauma Surgery,Cardiothoracic Surgery,,,,,,,
125,Critical,Burn ICU,120,Burn,2784.0,,720.0,,,,,,,,,,,,,,,Trauma Surgery,Neurosurgery – Spinal and Brain,Vascular Surgery,Trauma Surgery,Neurosurgery – Spinal and Brain,Plastic Reconstructive  ,,,
126,Minor,Med/Surg,72,,,,,,,,,,,,,,,,,,,Orthopedic Surgery,,,,,,,,
127,Serious,ICU/Critical Care,48,Med/Surg,96.0,,,,,,,,,,,,,,,,,Trauma Surgery,Orthopedic Surgery,,Trauma Surgery,Orthopedic Surgery,,,,
128,Serious,Med/Surg,48,Acute Rehabilitation Unit (ARU),384.0,,,,,,,,,,,,,,,,,Trauma Surgery,Cardiothoracic Surgery,Neurosurgery – Spinal and Brain,,,,,,
129,Minor,Med/Surg,48,,,,,,,,,,,,,,,,,,,Orthopedic Surgery,,,,,,,,
130,Serious,ICU/Critical Care,48,Med/Surg,576.0,Acute Rehabilitation Unit (ARU),384.0,,,,,,,,,,,,,,,Trauma Surgery,Cardiothoracic Surgery,Cardiothoracic Surgery,Trauma Surgery,Cardiothoracic Surgery,Urology,,,
131,Severe,ICU/Critical Care,96,Med/Surg,144.0,Acute Rehabilitation Unit (ARU),384.0,,,,,,,,,,,,,,,Trauma Surgery,Neurosurgery – Spinal and Brain,,Trauma Surgery,Neurosurgery – Spinal and Brain,,,,
132,Severe,ICU/Critical Care,168,Med/Surg,120.0,Acute Rehabilitation Unit (ARU),384.0,,,,,,,,,,,,,,,Trauma Surgery,Cardiothoracic Surgery,Pulmonary,Trauma Surgery,Cardiothoracic Surgery,Pulmonary,,,
133,Severe,ICU/Critical Care,48,Med/Surg,216.0,,,,,,,,,,,,,,,,,Trauma Surgery,Orthopedic Surgery,Vascular Surgery,Trauma Surgery,Orthopedic Surgery,Vascular Surgery,,,
134,Severe,ICU/Critical Care,48,Med/Surg,24.0,,,,,,,,,,,,,,,,,Neurosurgery – Spinal and Brain,Trauma Surgery,Pulmonary,Neurosurgery – Spinal and Brain,,,,,
135,Serious,Med/Surg,72,,,,,,,,,,,,,,,,,,,Trauma Surgery,Orthopedic Surgery,Neurosurgery – Spinal and Brain,,,,,,
136,Severe,ICU/Critical Care,144,Med/Surg,312.0,,720.0,,,,,,,,,,,,,,,Trauma Surgery,Neurosurgery – Spinal and Brain,,Trauma Surgery,Neurology,Infectious disease,,,
137,Moderate,Med/Surg,48,,,,,,,,,,,,,,,,,,,Trauma Surgery,Orthopedic Surgery,Wound Services,,,,,,
138,Severe,ICU/Critical Care,48,Med/Surg,96.0,Acute Rehabilitation Unit (ARU),168.0,,,,,,,,,,,,,,,Trauma Surgery,,,Trauma Surgery,,,,,
139,Serious,Med/Surg,72,,120.0,,,,,,,,,,,,,,,,,Trauma Surgery,OMFS,Plastic Reconstructive  ,,,,,,
140,Severe,Med/Surg,144,Acute Rehabilitation Unit (ARU),384.0,,,,,,,,,,,,,,,,,Trauma Surgery,Orthopedic Surgery,General Surgery,Wound Services,Intensive Daily PT,Other Rehab,,,
141,moderate,Med/Surg,96,,2016.0,,,,,,,,,,,,,,,,,Orthopedic Surgery,OMFS,,,,,,,
144,minor,Med/Surg,72,,1080.0,,,,,,,,,,,,,,,,,Orthopedic Surgery,,,,,,,,
145,minor,Med/Surg,72,,1080.0,,,,,,,,,,,,,,,,,Orthopedic Surgery,,,,,,,,
146,moderate,Med/Surg,96,,168.0,,,,,,,,,,,,,,,,,Trauma Surgery,Orthopedic Surgery,,,,,,,
147,minor,Med/Surg,120,,1268.0,,,,,,,,,,,,,,,,,OMFS,,,,,,,,
148,moderate,Med/Surg,120,,240.0,,,,,,,,,,,,,,,,,Trauma Surgery,Trauma Ophthalmology,,,,,,,
149,severe,ICU/Critical Care,96,Med/Surg,96.0,,720.0,,,,,,,,,,,,,,,Trauma Surgery,Interventional radiology,,Trauma Surgery,,,,,
150,minor,Med/Surg,24,,168.0,,,,,,,,,,,,,,,,,Neurology,,,,,,,,
151,severe,ICU/Critical Care,96,Med/Surg,72.0,,168.0,,,,,,,,,,,,,,,Trauma Surgery,OMFS,,Trauma Surgery,,,,,
152,Severe,ICU/Critical Care,120,Med/Surg,96.0,Acute Rehabilitation Unit (ARU),504.0,,,,,,,,,,,,,,,Vascular Surgery,Trauma Surgery,Plastic Reconstructive  ,Trauma Surgery,,,Wound Services,,
153,minor,Med/Surg,96,,168.0,,,,,,,,,,,,,,,,,Plastic Reconstructive  ,ENT,,,,,,,
154,severe,ICU/Critical Care,96,Med/Surg,120.0,,432.0,,,,,,,,,,,,,,,Trauma Surgery,General Surgery,Internal Medicine (Hospitalist),Trauma Surgery,General Surgery,,,,
155,critical,ICU/Critical Care,192,Med/Surg,240.0,Acute Rehabilitation Unit (ARU),1440.0,,,,,,,,,,,,,,,Neurosurgery – Spinal and Brain,Trauma Surgery,,Internal Medicine (Hospitalist),Neurosurgery – Spinal and Brain,,Neuro Rehab,Intensive Daily OT,Intensive Daily PT
165,Serious,Med/Surg,48,,,,,,,,,,,,,,,,,,,Orthopedic Surgery,,,,,,,,
166,Serious,Med/Surg,144,,,,,,,,,,,,,,,,,,,Orthopedic Surgery,Plastic Reconstructive  ,,,,,,,
167,Serious,Med/Surg,48,,,,,,,,,,,,,,,,,,,Neurosurgery – Spinal and Brain,,,Neuro Rehab,,,,,
168,Serious,Med/Surg,168,,,,,,,,,,,,,,,,,,,Orthopedic Surgery,Wound Services,,,,,,,
169,Severe,ICU/Critical Care,96,Med/Surg,72.0,,,,,,,,,,,,,,,,,Trauma Surgery,Vascular Surgery,,Trauma Surgery,,,,,
170,Serious,ICU/Critical Care,216,Med/Surg,240.0,,,,,,,,,,,,,,,,,Trauma Surgery,Neurosurgery – Spinal and Brain,OMFS,Trauma Surgery,OMFS,Orthopedic Surgery,,,
171,Severe,Med/Surg,144,,168.0,,,,,,,,,,,,,,,,,Trauma Surgery,Cardiothoracic Surgery,Pulmonary,,,,,,
172,Serious,Med/Surg,24,,168.0,,,,,,,,,,,,,,,,,ENT,Plastic Reconstructive  ,,,,,,,
173,Critical,Burn ICU,216,,,,,,,,,,,,,,,,,,,Trauma Surgery,Neurosurgery – Spinal and Brain,Orthopedic Surgery,,,,,,
